text,tag
"Take both, they will be company for each other.",0
Nothing makes me smile more than this community. Hereâ€™s to another year of endless dancing.,0
Alexandre neste momento ğŸ˜‚ğŸ˜‚ğŸ˜‚,0
Ø¹Ø¨Ø± [PERSON],0
"giphyupload, hot, happy, party, summer, sun, day, friday, good morning, happy hour, yolo, rum, summer time, drink up, you only live once, hot hot hot, youonlyliveonce, rum time, yolo rum",0
I didn't see this:,0
can you tell the American people what you are gaining by reinstating Trumpâ€™s account Trumpâ€™s Twitter account? I canâ€™t even speak and Iâ€™m fumbling tumbling stumbling as I speak because we canâ€™t believe you just did this!!! WF!!!!!,1
I urge for you to get up and get out today! #goforarideday,0
ğŸ’ğŸ’ğŸ’s GAME #4 - BLACK FRIDAY ğŸ˜€   1ï¸âƒ£ ğŸ§¡ and ğŸ’ this post  2ï¸âƒ£ Tag 1 or more friends in the comments   3ï¸âƒ£ ğŸ’ as many comments as you can on this post.  4ï¸âƒ£ Share this post.,0
"Hi folks, it's 108Â°F outside, in half an hour you can expect the onset of dust storm in Minneapolis. It's a bad one, carry your sunglasses.",0
Igualmente para vos linda. que tengas un bendecido dÃ­a.,0
#btc rotates 360 digree ?sudden red green again red...coin360 daily movement? Will cpi data fuel the red to flame???,1
In the room,0
"Happy Birthday Chris ğŸ‰ #happybirthdaychris  | giphyupload, happy, cute, party, celebration, birthday, holiday, surprise, bird, congrats, present, travis foster, travisfoster, pink blue, blue pink",0
"6/ ğŸš© Now, here's when things got...interesting. After spending a day looking into FTX's books CZ tweeted ""Binance is walking away from a deal to acquire Sam Bankman-Fried's FTX.""  Binance ATE its biggest competitor overnight. ğŸ‘  Woo, what a week...ğŸ¸",0
"giphyupload, happy, cat, dog, christmas, animals, holiday, xmas, dogs, puppy, merry christmas, santa, merry, best friends, happy holidays, elf, santa hat, best friends animal society, bfas, holiday cheer",0
ğŸ’¯â€‹,0
#usa #veterans #day,0
"Happy Birthday Chris ğŸ‰ #happybirthdaychris  | giphyupload, love, happy, christmas, birthday, holiday, family, santa, merry",0
"Hi folks, it's 110Â°F outside, in half an hour you can expect the onset of thunderstorms in Kansas City. It's dull, we recomend bringing your sunhat.",0
"#rockinrio #mtv #multishow #edmotta #spotify #youtube #RJ #RIODEJANEIRO âœ¨âœ¨âœ¨ğŸ’‹ğŸ’‹âœ¨ğŸ‘€ğŸ‘€ğŸ‘€âœ¨ğŸ‘€ğŸ‘€ğŸ¤ğŸ¶ğŸ§ğŸ¶.........Eu voltei agora pra ficar.Porque aqui, aqui Ã© meu lugar. Eu voltei pras coisas que eu deixei. Eu voltei.ğŸµğŸ¶ğŸ¶ğŸ¶âœ¨",0
"On the off chance you haven't looked outside today, it's 48Â°F outside, later this evening there will be partly cloudy and windy in Austin. It's a fair one, better carry your sunglasses.",0
"Thanks for tuning in folks, it's -3Â°F outside, we are starting the see the onset of fair weather in Pittsburgh. It's a arid one out there, better not forget your vest.",0
"giphyupload, happy, coffee, friends, sun, happiness, goodmorning, positivity, nutella, spread, optimism, switch on, good mornings, nutella biscuits, nutellabiscuits",0
"â€œWe donâ€™t need fashion to survive, we just desire it so much.â€ â€“ Marc Jacobs",0
"Happy Birthday Chris ğŸ‰ #happybirthdaychris  | giphyupload, happy, party, birthday, happy birthday, confetti, hbd, birthday party, happy birthday to you, happy birthday gif, happy birthday dad, happy birthday today",0
Trump wing telling the GOP they have a great announcement coming up next week ...,1
"Thanks for tuning in folks, it's -1Â°F outside, in an hour the weather will be a few clouds and breezy in Cincinnati. It's it's gunna be chilly out there, better bring your stockings.",0
"On today's weather report, it's 72Â°F outside, we are starting the see the onset of fair and breezy weather in San Antonio. It's it's gunna be warm out there, better not forget your sunscreen.",0
"On the off chance you haven't looked outside today, it's 107Â°F outside, in the next 20 minutes it will start to heavy drizzle in Atlanta. It's it's gunna be foul, don't forget your sunscreen.",0
"Ik schrik hier enorm van. We worden dus om de tuin geleid door onze politici en wetenschappers. Mooi is dat. Ik stop met mijn ziektekostenverzekering, want over een paar jaar zijn we allemaal dood.",0
Care Bears: Unlock The Magic GIFs on GIPHY:,0
Se aluino mi vacashones en la colonia Toval ğŸˆ¹ğŸ¯ğŸ‰,1
"Thanks for tuning in folks, it's 33Â°F outside, we are currently experiencing fair weather in Los Angeles. It's it's gunna be fair, better bring your sweatshirt.",0
"giphyupload, hot, happy, coffee, illustration, drink, work, winter, morning, good morning, tea, monday, cafe, chocolate, autumn, goodmorning, break, caffeine, coffee please",0
ğŸ’ğŸ’ğŸ’s GAME #5 ğŸ˜€   1ï¸âƒ£ ğŸ§¡ and ğŸ’ this post  2ï¸âƒ£ Tag 1 or more friends in the comments   3ï¸âƒ£ ğŸ’ as many comments as you can on this post.  4ï¸âƒ£ Share this post.,0
This author is butthurt Anthony didn't get with a white woman that they're shipping him with his sister ğŸ¤®,1
This author is butthurt Anthony didn't get with a white woman that they're shipping him with his sister ğŸ¤®,1
"On the off chance you haven't looked outside today, it's 119Â°F outside, in an hour the weather will be mostly cloudy in Miami. It's nasty out there, we recomend bringing your sunglasses.",0
"giphyupload, love, happy, cute, angry, wave, booty, shake, anger, hate, bread, wiggle, late, grr, galit",0
CPI DA COMPRA DE VOTOS???,0
"New flower GIF giphyupload, love, happy, dance, cute, heart, girl, kawaii, flower, couple, corazon, mother, mouse, kidsofthewool",0
"giphyupload, love, happy, dance, movie, friday, fall, weekend, rain, action, cinema, sunday, saturday, friday feels, dulquer, dulquersalmaan",0
I tuoi slip sono molto fortunati...,0
Happy Sun day music friendsâ£ï¸ğŸ‘‹ğŸ˜ƒ A little dreary here...,0
8ğ‡ğ—‹s 30ê­‘  ğ‹ğ–¾ğ–¿ğ— ğ…â±ºğ—‹ ğ‹ğ—‚á¥£ğ—’'ğ—Œ ğƒÎ±ğ—’ â£ï¸  Wishing my friend a beautiful day. Hopes and dreams I'm sending your way. May all be good and all come true on this very special day for you.  #HBDLily [PERSON],0
#Depressed #Sad #broken,1
Itâ€™s almost that time! Happy Wednesday everyone.,0
Lovely good morning wishes mam  Have a bright smiling day  U are dearly loved  ğŸ’ğŸ’ğŸ’ğŸ’ğŸ’ğŸ’ğŸ’ğŸ’,0
Cry harder.,1
POV: Watching Minions: The Rise of Gru outdoors on the big screen! #mylpl #commUNITY  - See you guys Saturday night at the Watson Branch! The fun kicks off at 6:00 p.m.,0
ğŸ¼,0
"giphyupload, happy, party, dog, celebration, birthday, surprise, happy birthday, pet, happy new year, congratulations, present, hbd, happy happy, travis foster, travisfoster",0
ğŸ¤”ğŸ¤” Yo creo!!! Que por...,0
ğŸ¤”ğŸ¤” Yo creo!!! Que por...,1
"J-19 avant #ParticulesV ! Cette annÃ©e ce sont 13 participants, sept artistes et six auteurices, qui prendront part aux Ã©changes littÃ©rartistiques de Particules.",0
Go ahead and un-follow them. It'll just show you as a sore loser and a failure. You always have been a failure and you always will be. You wasted your life.,1
Wszystkiego dobrego dla ksiÄ™Å¼niczki,0
#RonaldoOnBinance,1
Thatâ€™s fuel on a fire!  Think Wheaten greetings through the ceiling or even more crazed zoomiesâ€¦ï¿¼,0
Oh geez .. I mean give the guy a break... He's only trying to make everything right... Whoudnnt like that,1
"Satire Publication ""Babylon Bee"" has been Reinstated on Twitter - Musk Says Decision on Trump has not Yet Been Made - [PERSON] ğŸ‘ğŸ‘ğŸ‘",0
#thanksgiving,0
"You're just upset because you lost. Cry harder, loser.",1
"giphyupload, reaction, happy, funny, fun, celebration, nature, laughing, friday, weekend, it is friday, i love nature, finally weekend, love weekend, owayy, getowayy, friiiiday",0
"Hi folks, it's 33Â°F outside, tomorrow morning we will experience partly cloudy in Fort Worth. It's a chilly one, carry your stockings.",0
Me listening to this whole thing..   #DarellBrooks,0
Love these [PERSON],0
a little hint of whats to come,0
Hallelujah! ğŸ‘ğŸ‘ğŸ‘,0
ØµØ¨Ø§Ø­ Ø§Ù„Ø®ÙŠØ±,1
â™¥ï¸Happy Sunday music friendsâ£ï¸,0
Phttps://media.tenor.com/sQoO99AYlcUAAAAM/girl-happy.gif,0
#PurposefulProfessorReflections This last part of the robot Bluetooth communcation I could not figure out and it was making my head hurt. This is why I love my students. I went back to last year's final projects and found a team that did it! ğŸ’ƒğŸ½ğŸ’ƒğŸ½ğŸ’ƒğŸ½,0
Disturbing?,0
"giphyupload, reaction, happy, dog, dogs, puppy, welcome, doggo, stand up, begging, beg, dog tricks, puppy tricks, dog standing up, puppy standing up",0
"Well, looks like it's 103Â°F outside, we are currently experiencing fair and breezy weather in Indianapolis. It's it's gunna be mild out there, we recomend bringing your sunhat.",0
#excited #happy #Peter Pan przez [PERSON],0
#Kitagawa Marin #smile #gojo,0
We adore this GIF - it sums up our joy for turning your app idea into a reality ğŸ™Œâ¤ï¸,0
"Happy Birthday Chris ğŸ‰ #happybirthdaychris  | giphyupload, happy, fun, party, excited, disney, birthday, laughing, surprise, happy birthday, cake, minnie, skipping, minnie mouse",0
"Well, looks like it's 57Â°F outside, we are currently experiencing hazy weather in Baltimore. It's a terrible one out there, we recomend bringing your sunhat.",0
â¦[PERSON] Ready to do a post election happy dance!!!!,0
"Happy Birthday Chris ğŸ‰ #happybirthdaychris  | giphygifmaker, giphyattribution, love, happy, heart, beauty, birthday, flower, kids, thank you, family, mom, dad, mother, children, forever, father, brother, sister, thesolfoundation, the sol foundation",0
"giphyupload, happy, dance, party, fun, dancing, smile, lol, yeah, crazy, friday, weekend, smiling, tgif, good vibes, friyay, funky, get down, extatic, just dance 2023, get groovy",0
Gavin Newsom,0
"Bywasz doÅ›Ä‡ rzadko..., ale to powoduje, Å¼e jeszcze bardziej cieszy nas Twoja obecnoÅ›Ä‡!ğŸ˜€",0
"Happy Birthday Chris ğŸ‰ #happybirthdaychris  | giphyupload, happy, dance, party, dancing, celebration, cartoon, celebrate, birthday, happy birthday, bunny, fiesta, disco, tgif, party time, lets party, saturday night",0
"Papa das hast du echt toll gemacht, da werde ich neidisch. HÃ¤tte auch gerne so einen Papa gehabt.",1
"Papa das hast du echt toll gemacht, da werde ich neidisch. HÃ¤tte auch gerne so einen Papa gehabt.",0
"giphygifmaker, happy, friday, weekend, sunday, saturday, tgif, weekend vibes, finally friday, day off, kathryn dean, ryn dean, fun day, work week",0
I'm not good.. But it's OK..,1
ATIN right now after seeing P-POP as a topic.,1
CADE,0
"giphyupload, sad, mood, sleep, tired, upset, princess, bed, wake up, hangover, leave me alone, showmax, the wife showmax, zulu brothers, the wife, naledi, royal thabeng, tswana family, the wife books, naledi the wife, 5am gang",1
"On today's weather report, it's -2Â°F outside, we are starting the see the onset of fair weather in San Francisco. It's a breezy one out there, wear your scarf.",0
Merci!,0
Looking forward to days like this #travel #freedomexplorers,0
"Aw, you poor wretched thing.",1
"giphyupload, happy, fun, coffee, loop, good morning, doodle, start, new day, take off, love coffee, coffee maker, cafetera, 2202, coffee roasted",0
superğŸ˜€,0
superğŸ˜€,0
"giphyupload, happy, dog, puppy, chill, vibes, california, crash, motorcycle, good vibes, adams, sidecar, crash adams, crashadams, golden lab",0
"HOBBS' Supporters CHEER :  Open Borders , Resulting in MORE : Fentanyl Flowing, Human Trafficking, Human Slavery across the border, $10.00 gasoline, $10 bread, Increased Taxes on the Middle class, AND MORE STRICT 2A Infringement !",0
Titles:Misunderstanding/Why Question Religion? Misrepresents/How Did Jesus View Politics?ğŸ¤”Why Did Jesus NOT Get Involved in Politics?ğŸ¤”What Will God's Kingdom Accomplish? Miracles That Are About to Happen âœŒï¸,0
#VarisuPongal #VarisuPongal2023 #VarisuUpdate #VarisuFirstSingle [PERSON] [PERSON] update à®µà®¿à®Ÿà¯à®™à¯à®•à®ªà¯à®ªà®¾,1
another day still no refund from [PERSON],1
yhooo just missed the show today we were doing roadblock iam so sad,1
"giphyupload, love, happy, illustration, rainbow, good, friday, vote, typography, office, greetings, wishes, its friday, friday gif, office gif",0
â€” Sad,1
"New flower GIF giphyupload, love, happy, animation, flower, nature, spring, handwritten, note, frame by frame, growing up",0
#my #dress #up,0
"New flower GIF giphyupload, happy, flower, flor, growing, results, terence, atami, grow like a pro, growlikeapro, nature plants",0
"Happy Thanksgiving from the Entire [PERSON] Team! [PERSON] Caitlin Wendler, Jon Kulok, Gayle Vogel, &amp; [PERSON] #gratefulthankfulblessed #team #strategicthinking #strategicpartnerships",0
â¦[PERSON] GREAT NEWS abt ur good health !! Xolkox,0
"Well, looks like it's 6Â°F outside, we are currently experiencing fair weather in Tampa. It's beautiful out there, better not forget your vest.",0
Me after seeing the England scorecard.,0
"giphyupload, weed, smoking, 420, pot, stoned, joint, blunt, smoker, cryptopunks",1
"giphyupload, happy, dance, fun, party, friday, cnf, holadsgn, cloudynowhere, cloudy nowhere",0
I can't wait,0
"giphyupload, love, happy, dance, party, friday, good morning, love you, good night, pug, viernes, sheep, buenos dias, friyay, buenas noches, grumble, cuatsunammy",0
have a good nightâ€¦â€¦ sweet dreamsâ€¦.ğŸ’‹,0
#Looney Tunes #Loony Toons #mad,1
en donde,0
I believe it's your birthday... Have a happy one.,0
"Trump lost. They all lost. Cry harder, loser.",1
You're the one who's in a cult. Go back to your trailer and carry on having sex with family members.,1
"giphyupload, happy, game, dog, gaming, puppy, pet, xbox, pablo, xbox series x, pat, results, good boy, xbox series s, starry eyed, grapple dog",0
Titles:Misunderstanding/Who Has God's Favor? Who REALLY Rules This World? Why Question Religion? How Did Jesus View Politics? Why Did Jesus NOT Get Involved in Politics? Miracles That Are About to Happen âœŒï¸âœŒï¸,0
Mogen ze wel gratis pampers geven. Mijn psych is 78 tegenwoordig leg ik een plasmatje neer voor mijnheer.,0
#Bales2022FilmChallenge   [PERSON]  Nov 18: Push Button Phone:  American Psycho (2000):  #American Psycho #Patrick Bateman #Christian Bale,1
"Do cholery mam 23 lata, chciaÅ‚abym przeÅ¼yÄ‡ swÃ³j pierwszy pocaÅ‚unek ğŸ˜­",1
Revelation 12:9 &amp; 12. Titles: Why Question Religion? How Did Jesus View Politics?ğŸ¤”Why Did Jesus NOT Get Involved in Politics?ğŸ¤”What Will God's Kingdom Accomplish? Miracles That Are About to Happen. ğŸ˜ƒâœŒï¸âœŒï¸âœŒï¸,0
"On the off chance you haven't looked outside today, it's 94Â°F outside, in half an hour you can expect the onset of rain showers in San Diego. It's lousy out there, better carry your sunhat.",0
Yuh. Ndabetheka ndanya.,0
â€œI canâ€™t concentrate in flats.â€ â€“ Victoria Beckham,0
have a great day!â¤ï¸missing youâ€¦â€¦â€¦,0
"giphyupload, love, happy, cute, coffee, drink, tea, cafe, autumn, season, hedgehog, moody, kerstylovescreativepixels, kerstin heil, autumnvibes, sundaymood, hedgehugs",0
"happy, funny, fun, fashion, sexy, performance, butt, wiggle, stage, cheeky, leather, segal centre, segalcentre, leather daddy, segaldracula, draculacomedy, dracula a comedy of terrors, colin simmons",0
"Hi folks, it's 36Â°F outside, we are currently experiencing clear and breezy weather in Minneapolis. It's a sunny day, better bring your vest.",0
Boo hoo.,1
Yellow rain?,1
ğŸ”¥ğŸ”¥,0
"â€œYou can never take too much care over the choice of your shoes. Too many women think that they are unimportant, but the real proof of an elegant woman is what is on her feet.â€ â€“ Christian Dior",0
"#rockinrio #mtv #multishow #edmotta #spotify #youtube #RJ #RIODEJANEIRO âœ¨âœ¨âœ¨ğŸ’‹ğŸ’‹âœ¨ğŸ‘€ğŸ‘€ğŸ‘€âœ¨ğŸ‘€ğŸ‘€ğŸ¤ğŸ¶ğŸ§.ğŸ’‹ğŸ’‹ğŸ¶ğŸ§ğŸ¶ğŸ¶ğŸµğŸ¶EU OUVINDO AS MÃšSICAS DO WONSTEIN,E CONSTATANDO QUE AQUI NO BRASIL NÃƒO TEM ESSE TALENTO!.âœ¨",1
"Goodbye, this was a crazy ride. With Elon Musk owning Twitter and he has laid off about 3700 employees I can't stay here. This is not what I want to support. I wish everyone a good and happy life..",1
"Me, watching Elon Musk destroying his own reputation  on this hellsite",0
Cry.,1
#happy #birthday #Steve,0
"Felt like someone was cutting onions in the theater. The silent intro with Chadwick was just so frigginâ€™ heartbreaking, dude. The final scene and more Chadwick flashbacks.",1
Good morning Adam.  Sending American holiday greetings..,0
Seria algo asÃ­. #EnModoWow,0
à¹à¸­à¸™à¸•à¸µà¹‰: à¸”à¹ˆà¸² à¸”à¹ˆà¸² à¸”à¹ˆà¸² à¸«à¸¥à¸±à¸§à¸­à¸µà¹‚à¸ˆà¸§: à¹„à¸¡à¹ˆà¸­à¹ˆà¸²à¸™ à¹à¸­à¸™à¸•à¸µà¹‰:,1
"giphyupload, happy, party, food, coffee, drink, italia, espresso, sicily, pistachio",0
Psssst.....  Don't mention the elephant in the room,0
Completely Agree that THEY do NOT Represent Me (nor my ideologies),0
"giphyupload, love, happy, coffee, cartoon, work, glasses, office, energy, the office, nerd, geek, bee, laptop, latte, busy, bees, hacker, expresso, busy bee",0
"giphyupload, fight, happy, party, summer, celebrate, friday, weekend, break, tgif, throw, coat, justdance, getready, eet, comeatme, justdance2023edition",0
"giphyupload, happy, dog, dogs, play, chippythedog, chippy, wanna play",0
Doing my happy dance when the email comes through that Best Buy updated shipping information and my laptop will arrive TOMORROW!!  My early #Christmasgift to myself!  #happydance  #womenwhocode #nevergivingup #developerlife,0
Boo hoo hoo. Poor thing.,1
Happy thrusday baby,0
#glitch #cute #3d #digitalart #sword #giphy #gif,1
Evolutionary offshoot?,1
"giphyupload, happy, dance, party, fun, dancing, smile, lol, crazy, friday, smiling, tgif, groovy, funky, be happy, just dance, have fun, get down, extatic, just dance 2023, get groovy",0
Yeni yaÅŸÄ±nda senin kadar gÃ¼zel olsun mutlu saÄŸlÄ±klÄ± yaÅŸlara,0
Such a sad comment. Dominoes will save a bundle.  #stopburningstuff,1
"Me, after 76ers try to character assassinate Giannis",1
She's dressed to perform a hula dance for the captive audience.,0
"Hi folks, it's 86Â°F outside, in the next 20 minutes it will start to light thunderstorms and rain in Portland. It's it's gunna be lousy, wear your sunhat.",0
"Feliz dÃ­a, miles de bendiciones para usted ğŸ¤—ğŸ˜ŠğŸ‚ğŸ‚",0
"giphyupload, happy, dog, puppy, bulldog, happy dog, butler, go dawgs, butler bulldog, butler university, butler basketball, butler blue, butler bulldogs, bulldog puppy, butler mascot, butler blue iv, butler u, butler blue four, butler blueâ€¦",0
"On today's weather report, it's 87Â°F outside, we are currently experiencing clear and breezy weather in Atlanta. It's great out there, better carry your bikini.",0
I in I ok t,0
"On the off chance you haven't looked outside today, it's 44Â°F outside, we are currently experiencing fair and breezy weather in San Diego. It's it's gunna be nice out there, we recomend bringing your cap.",0
"Happy Thanksgiving to all! I am so grateful for all of those on Earth who are compassionate and loving human beings. May God Bless this World with Peace, Joy and Harmony!",0
#happy #thanks #giving,0
"giphyupload, happy, dog, giphystrobetesting, puppy, bulldog, happy dog, butler, go dawgs, butler bulldog, butler university, butler basketball, butler blue, butler bulldogs, bulldog puppy, butler mascot, butler blue iv, butler u, butler blâ€¦",0
"Cry harder, inbred.",1
"7. Revelation 12:9,12. Titles: Why Question Religion? How Did Jesus View Politics?ğŸ¤”Why Did Jesus NOT Get Involved in Politics?ğŸ¤”What Will God's Kingdom Accomplish? Miracles That Are About to Happen. ğŸ˜ƒâœŒï¸âœŒï¸âœŒï¸",0
HAPPY DANCE  Because I know that it  will be worth a  100k in a cpl yrs,0
Happy Dance GIF by Apple Music #mlle,0
ï¿¼ ï¿¼,0
"On today's weather report, it's -14Â°F outside, tomorrow morning we will experience a few clouds in Charlotte. It's fair out there, better not forget your stockings.",0
"giphygifmaker, giphyattribution, love, happy, fun, heart, christmas, coffee, drink, holiday, winter, morning, tea, cafe, santa, hands, cold, caffeine, warm, thesolfoundation, the sol foundation",0
Happy Friday and great weekend to you Daveâ£ï¸ğŸ‘‹ğŸ˜ƒğŸ’ƒ,0
([PERSON] ([PERSON] ([PERSON] ([PERSON] ([PERSON]  Thank you very much for the ğŸ’ğŸ’ğŸ’s! ğŸ™ğŸ»ğŸ™ğŸ»ğŸ™‚  Really appreciated. Your support do mean a lot to me. ğŸ™ğŸ»ğŸ™‚,0
Habla de su gabinete,0
Victory!!,0
"""inhabituelle""",0
Felicidades preciosa,0
A lot of soccer fans just realizing how boring that game can be to watch without beer.,1
"Anthee ee peddolu antha anthe, manalanti pilalki thapadhu",1
ĞŸÑ€ĞµĞ»ĞµÑÑ‚ÑŒ,0
The LORD is my shepherd; I shall not want.,0
"On the off chance you haven't looked outside today, it's 9Â°F outside, we are currently experiencing fair and windy weather in Pittsburgh. It's it's gunna be a sunny one out there, we recomend bringing your stockings.",0
"giphyupload, happy, dance, wow, excited, friday, weekend, amazing, hand, great, vtuber, yuka, iori, riot music, riotmusic, nagase, yuka nagase, matsunaga, iori matsunaga, yukanagase, iorimatsunaga",0
#happy #Gilmore #happygilmore,0
"On the off chance you haven't looked outside today, it's 71Â°F outside, in the next 20 minutes it will start to funnel clouds in Boise. It's a awful one, better not forget your rain boots.",0
#anime #girl #crying  i cant even make an account to like the damn thing ivetried and its speaking jiberish to me saying sorrry we cant make an account with blablabla like bro that app is ass,1
"â€œI am absolutely not a divaâ€ Alu claims. /me rolls on the floor, LMFAOğŸ¤ª.   No, just an extraordinarily gifted dancer, with the temperament of a cranky toddler kicking his legs in air, screaming: â€œMe, me, ME!â€",1
"Retour de we allongÃ©, tu attaques par: Elle est cette foutue cle usb ?  Pas de papiers dans l imprimante  Putain, elles sont ou les cles de cette armoire ?  Ca sent la belle journee.",0
"Retour de we allongÃ©, tu attaques par: Elle est cette foutue cle usb ?  Pas de papiers dans l imprimante  Putain, elles sont ou les cles de cette armoire ?  Ca sent la belle journee.",0
Titles:The END-What Does it Mean?ğŸ¤¦â€â™‚ï¸ğŸ¤·â€â™‚ï¸ Misunderstanding/Who Has God's Favor? Why Question Religion? How Did Jesus View Politics? Why Did Jesus NOT Get Involved in Politics? Miracles That Are About to Happen âœŒï¸,0
"New flower GIF giphygifmaker, giphyattribution, love, happy, heart, beauty, birthday, flower, kids, thank you, family, mom, dad, mother, children, forever, father, brother, sister, thesolfoundation, the sol foundation",0
Congratulations,0
"Keep crying, inbred.",1
"Happy birthday, George![PERSON]  â¤ï¸ğŸ§¡ğŸ’›ğŸ’šğŸ’™ğŸ’œ",0
Hey Kariâ€¦ howâ€™s that trump endorsement workin out for yaâ€¦,0
#sad #crying #upset,1
"New flower GIF giphyupload, love, happy, dance, art, summer, illustration, loop, flower, nature, green, color, plants, draw, paper, pencil",0
Ø¨Ø­Ø¨Ùƒ,0
"Thanks for tuning in folks, it's 71Â°F outside, we are currently experiencing clear weather in San Diego. It's a excellent one, don't forget your shorts.",0
#weekend #happy #Disney,0
"Happy Birthday Chris ğŸ‰ #happybirthdaychris  | giphyupload, happy, party, birthday, crazy, happy birthday, cake, congratulations, lucky, ãŠã‚ã§ã¨ã†, ãƒãƒƒãƒ”ãƒ¼, ç¾¤é¦¬, ã‚±ãƒ¼ã‚­, ç¾¤é¦¬éå…¬èªã‚­ãƒ£ãƒ©ã‚¯ã‚¿ãƒ¼, gunma, ãŠèª•ç”Ÿæ—¥, ãŠèª•ç”Ÿæ—¥ãŠã‚ã§ã¨ã†",0
August 2022,1
7. Titles: How Did Jesus View Politics? Why Did Jesus NOT Get Involved in Politics? What Will God's Kingdom Accomplish? Miracles That Are About to Happen. Now Lawson Harlow should shup up about Jw's.ğŸ¥±ğŸ™„ âœŒï¸âœŒï¸,0
"Problemas de agenda, habÃ­a quedado ya esa noche con Robert Redford.",0
"giphyupload, reaction, happy, cute, dog, sweet, dogs, puppy, waiting, doggo, sitting, woof, sit",0
Happy thanksgiving you 'mercans :),0
I... I think my TL wants me to tell you something....,0
"Once Vinod Khanna lost control &amp; couldnâ€™t stop himself while shooting an intimate bedroom scene with Dimple Kapadia, kissing and hugging her ever after MB said cut. He did not release DK from his grip for a long time, kissing her everywhere possible ..",0
#happy #birthday #to,0
"giphyattribution, happy, dance, party, friday, weekend, lets dance, yey, lets party, ready to party, dog party, chinohillshusky, badette, husky party",0
#dancing #Dancing Girl #Dancing Woman,0
"giphyupload, love, happy, party, smile, holiday, dogs, puppy, celebrating, booty, shake, butt, fluffy, tail, shiba, bouncy, shibamilo",0
"Thanks for tuning in folks, it's 118Â°F outside, starting in the next couple of hours there will be thunderstorms and rain in Washington DC. It's a gloomy one, don't forget your sunhat.",0
Thank-you for the song Brianâ£ï¸ğŸ¶ğŸµğŸ¶,0
There's pain behind her tweet  ğŸ˜­,0
#Ø§Ø¯Ø±Ø§Ø¬_Ø®Ø±ÙŠØ¬ÙŠ_Ø§Ù„Ø·Ø¨ÙŠÙ‡22_Ø¨Ø§Ù„Ù…ÙˆØ§Ø²Ù†Ù‡,0
"Hobbs Supporters Cheering for: Open Borders, MORE Fentanyl Flowing, More Human Trafficking and Human Smuggling , 10$ Gasoline, Higher Taxes on the Middle Class, as well as MORE 2A Infringement!",0
"""ah Ã© verdade que jogo tal tem zilhÃµes de defeitos, mas no final Ã© divertido, e Ã© isso que importa""  o desenvolvedor que passou anos em pesquisa de conceitos, design, direÃ§Ã£o de arte, refino de gameplay, debugging, narrativa, venda de pitch, etc:",1
"Happy Birthday Chris ğŸ‰ #happybirthdaychris  | giphyupload, love, happy, cute, party, birthday, mood, happy birthday, penguin, balloon, bday, hbd, happy bday, pudgy, pudgy penguin, pudgy penguins, pudgypenguin, pudgypenguins",0
#Monty Python #rejoice #happy,0
"On the off chance you haven't looked outside today, it's 100Â°F outside, we are currently experiencing clear and breezy weather in Fort Worth. It's mild out there, we recomend bringing your swimming trunks.",0
Enjoy it sweetie,0
Enjoy it sweetie,0
"giphyupload, happy, fun, dog, christmas, cartoon, holiday, dogs, sale, santa, holidays, gift, merry, black friday, dachshund, doxie, 30 off, weenieton, weenie dogs, black fri",0
"giphyupload, love, happy, dog, smile, dogs, chippythedog, chippy",0
"ğ©ğ¨ğ¬ğ­ğğ ___________________________________  Wowâ€¦ you need to make an infomercial on that post, compared to anything youâ€™ve posted on DeSo. That hurts when you know what you know. ğŸ¥º My condolences!",1
"Well, looks like it's 63Â°F outside, we are currently experiencing clear and breezy weather in Kansas City. It's a gorgeous one, better bring your bikini.",0
"JOVEM PAN  INFLUENCIADORES DA DIREITA: ""nÃ£o adianta ficar travando estradas prejudicando a economia e achando que vÃ£o refazer as eleiÃ§Ãµes pois isso nÃ£o vai acontecer"".  (A mÃ¡scara deles ainda vai cair !)",0
"Terrible and SO sad.  Quick side Twitter tech question please Luke. How did you post that GIF? I'd wanted to do same earlier, but was ONLY able to get static screenshot.   Is it pasting the address like below? I'd tried, but didn't work.",1
Kan tÃ¤nka mig lite stÃ¶d och hjÃ¤lp som skulle passa bÃ¤ttre fÃ¶r hela den familjen.,0
Ø¨Ù‚Ø§Ù„Ùƒ Ø³Ø§Ø¹Ù‡  Ø¨ØªÙ‡Ø¯Ø¯ ÙÙŠØ§ ÙˆØªÙ‚ÙˆÙ„ÙŠ Ø§Ù†Ø§ Ù…Ø§Ø´ÙŠ ÙˆÙ…Ø¨ØªÙ…Ø´ÙŠØ´ ÙˆÙØ§ÙƒØ±Ù†ÙŠ Ø­Ù‚ÙˆÙ„Ùƒ  ÙˆØ§Ù„Ù†Ø¨ÙŠ ÙŠØ§ Ø­Ø¨ÙŠØ¨ÙŠ Ù…ØªÙ‡Ø¬Ø±Ù†ÙŠØ´  ØªÙˆØµÙ„ Ù„Ù„Ø¨Ø§Ø¨ ØªØ±Ø¬Ø¹ ØªØ§Ù†ÙŠ ÙˆÙƒÙ„ Ø§ÙŠÙ„ÙŠ Ø§ØªÙ‚Ø§Ù„ Ø¨ØªØ¹ÙŠØ¯Ù‡ ØªØ§Ù†ÙŠ Ù‚Ø§Ø³ÙŠ ÙˆÙƒØ¯Ø§Ø¨ Ù„Ø§Ø¡ ÙˆØ§Ù†Ø§Ù†ÙŠ  ÙˆÙ…Ø§Ù„Ø§Ø®Ø± Ø§Ù†ØªØ§ Ù…ØªÙ†ÙØ¹Ù†ÙŠØ´,0
Jajaja jajaja jajaja,0
"giphyupload, love, happy, animation, dog, heart, animals, dogs, i love you, chippythedog, blown away, chippy, you are beautiful, when i look at you",0
"giphyupload, happy, funny, coffee, restaurant, evrim alasya, kizilcikserbeti, kÄ±zÄ±lcÄ±k ÅŸerbeti, kizilcik serbeti, kÄ±zÄ±lcÄ±k ÅŸerbeti dizi, barÄ±ÅŸ kÄ±lÄ±Ã§, kizilcikserbetidizi",0
Fantasy football managers with â€œKadarius Toneyâ€,1
"â€œYou can have anything you want, if you dress for it.â€ â€“ Edith Head",0
"giphyupload, happy, dance, cute, party, dancing, christmas, friday, animal, tgif, tanzen, zebra, tanz, freitag, lama, dancedancedance, dirtydancing, typix, moodbooster, alpakka",0
"New flower GIF giphygifmaker, giphyattribution, love, happy, art, flower, good, text, thank you, flowers, thanks, rose, thankyou, frame, fine, roses, write, thesolfoundation, the sol foundation, cleans, appricate",0
"happy, smile, good, friday, good morning, tgif, friyay, good day, happy day, enjoy your day, have a nice day, its friday, great day, day off, life is good, be positive, positive thoughts",0
"Well, looks like it's -11Â°F outside, in an hour the weather will be be sunny in Oklahoma City. It's a dry one, we recomend bringing your mittens.",0
From Maury and Harriet,0
"On the off chance you haven't looked outside today, it's 91Â°F outside, in the next 20 minutes it will start to a few clouds and windy in Houston. It's a rotten one, carry your sunscreen.",0
#trumpisdead had me like #hapoycry #yesbutno #sadness,1
SerÃ­a algo asi #EnModoWow,0
As you've always been. It's the only language you understand. That's what happens when you embrace imaginary grievance politics.,1
have a great day!ğŸ’‹,0
"giphyupload, love, happy, cat, dog, cats, dogs, puppy, chippythedog, caturday, chippy, i love cats, funnylove",0
Thank you so much for all your help! Your support team is awesome! #MadeOnZencastr #podcaster,0
Happy Halloween ğŸƒğŸğŸ§¡ğŸ™,0
"giphyupload, fight, happy, party, summer, celebrate, friday, weekend, break, tgif, throw, yeet, get ready, coat, come at me, justdance, justdance2023edition, just dance2023 edition",0
to all our friends on the other side of Pond,0
me knocking doors during GOTV.,1
Ú¯,0
YeahğŸ‰ğŸ‰ğŸŠğŸŠ,0
"Me, when a customer says they have been waiting for me to stop by.  #enthusiasm #meetings #productive #customerappreciation",0
"Thanks for tuning in folks, it's 95Â°F outside, early tomorrow morning there will be dust storm in Honolulu. It's foul out there, better bring your rain boots.",0
Happy Thanksgiving!  #Thanksgiving #happy #happythanksgiving,0
Video or it didn't happen!,0
n fijne dag allemaal gr,0
Aku setelah All out memakai semua primogem ku untuk Nahida &amp; Weapon Signature nya... sampai sisa 12K lagi primogem nya...,1
"â€œFashion has to reflect who you are, what you feel at the moment and where youâ€™re going.â€ â€“ Pharrell Williams",0
#Hrvatska #Croatia #goal,0
it only takes a psychotic 24 yo girl to bring hasan and destiny back on the same side,0
Happy Thankgiving,0
"On today's weather report, it's 86Â°F outside, we are currently experiencing fair weather in Seattle. It's it's gunna be a mild one, we recomend bringing your sunscreen.",0
"New flower GIF giphyupload, happy, fun, christmas, fashion, loop, 3d, flower, surprise, gift, box, butterfly, dress, present, rolling, unboxing, package, packaging, unpacking, shipment, rollor",0
Ø§Ù„Ù„Ù‡ ÙŠÙ‚Ø±ÙÙƒ ÙŠØ§Ù…Ù„Ø¹ÙˆÙ†Ù‡ ÙŠØ¹ ÙŠØ¹ ÙŠØ¹ ÙŠØ¹ Ø§Ù‡ ÙŠØ§Ø¨Ø·Ù†ÙŠ,1
"Happy Birthday Chris ğŸ‰ #happybirthdaychris  | giphyupload, reaction, love, happy, funny, omg, celebrate, birthday, happy birthday, relationships, alchemy, its your birthday, healthy relationships, relationship alchemy, marie-elizabeth mali, healthy râ€¦",0
thereâ€™s no [PERSON] stores where I live,1
"Thanks for tuning in folks, it's -16Â°F outside, early tomorrow morning there will be be sunny in New York. It's it's gunna be wonderful, better bring your slippers.",0
#HappyThanksgiving,0
à¤•à¥à¤¯à¤¾ à¤—à¤¼à¤œà¤¼à¤¬ à¤•à¤¾ à¤¸à¥‹à¤š à¤¹à¥ˆ,1
Preciosa,0
Fuckin yes! Get it!!,0
"Well today is a good day , I've just been released from the Twitter penitentiary and it's also my  Twitter Anniversary",0
We lost a true legend today. RIP Kevin Conroy,1
#Finn #the #human,0
"New flower GIF giphyupload, love, happy, art, pink, illustration, kawaii, flower, nature, flowers, rose, roses, loving, appreciation, friendly, pink rose, jstn, jstn design, jstndesign, rosses",0
ğŸ¤¡ğŸ¤¡,0
ğŸ¤¡ğŸ¤¡,0
"happy, yes, friday, run, weekend, monday, happy dance, sunday, ready, tgif, yasss, aus, cristian, its the weekend, menxclusive, menx, weekend baby, friyay baby",0
"giphyupload, happy, music, fun, illustration, cartoon, space, smoke, weed, smoking, marijuana, pot, melting, bong, pipe, marihuana, pipa, high af, stay high, high as fuck, weed smoke, weed lovers",0
"giphyupload, reaction, funny, sad, coffee, angry, work, monday, office, mondaymood, mondayfeels, mukhbirthestoryofaspy, mukhbir, mondaywork, enteringoffice, enteringofficeonmonday, goingtooffice",1
0xC099A47fAC6C501588EEf08cC2e41f93b2CffCf7,0
0xC099A47fAC6C501588EEf08cC2e41f93b2CffCf7,0
Rolling on the floor laughing Ùˆ ÙƒØ§Ù† Ù„ÙŠÙ‡Ø§ Ø§ÙŠÙ…ÙˆØ¬ÙŠ ÙƒØ¯Ø§ Ù Ø§Ù„ÙŠØ§Ù‡ÙˆÙˆ   #happy #emoji #LOL,0
"â€œGirls do not dress for boys. They dress for themselves, of course, each other. If girls dressed for boys, theyâ€™d just walk around naked at all times.â€ â€“ Betsey Johnson",0
"giphyupload, reaction, happy, dance, game, funny, football, sport, soccer, celebration, comedy, goal, win, team, fussball, twerk, twerking, qatar, zdf, heuteshow, katar",0
they are from my state bro bcz they are holding chenda,0
"#rockinrio #mtv #multishow #edmotta #spotify #youtube #RJ #RIODEJANEIRO âœ¨âœ¨âœ¨ğŸ’‹ğŸ’‹âœ¨ğŸ‘€ğŸ‘€ğŸ‘€âœ¨ğŸ‘€ğŸ‘€ğŸ¤ğŸ¶ğŸ§ğŸ¶ğŸ¶ğŸµğŸ¶ğŸ¶ğŸ¶âœ¨O WONSTEIN TÃ NAMORANDO A JOY,TÃ ATÃ‰ FAZENDO SINAL DE PAZ!.",1
"On today's weather report, it's 40Â°F outside, tomorrow morning we will experience a few clouds in Charlotte. It's a dry one, we recomend bringing your undershirt.",0
â™¥ï¸,1
â€œFashion is what youâ€™re offered four times a year by designers. And style is what you choose.â€ â€“ Lauren Hutton,0
Que pasa que no hay globitos en lo de [PERSON] Jack??... tan coqueto habÃ­as sido Amigo?? Te estoy esperando para festejar!!,0
VERY INTERESTING !!!,0
"Hi folks, it's 44Â°F outside, starting in the next couple of hours there will be be sunny in San Francisco. It's it's gunna be breezy out there, we recomend bringing your stockings.",0
You are welcome if im the right one,0
"Well, looks like it's 91Â°F outside, we are currently experiencing overcast and hazy weather in Pittsburgh. It's it's gunna be a miserable one out there, better wear your sunscreen.",0
good nightğŸ’¤,0
