1585046513327407106,14286397,"I need #TheOrville in the same way that the Jem'Hadar need ketracel-white.  Do you understand that, @DisneyPlus and @hulu? #RenewTheOrville  ",Jem Hadar Ketracel White
1585044610573008900,13119429,CALLING IT HOW I SEE IT! ,"calling, BS, I Call BS"
1585030039812603904,10702529,#Austin Powers #Its A Man Man via @gifkeyboard,"Austin Powers, Its A Man Man"
1585017888531808256,18226465,came home to an empty house ,"Winning, Nene Leakes, Were Winning, Were The Winners, We Got This In The Bag, winner, We Are Winning, champions, Elle"
1585002320093679616,24724204,ignoren edto  ,"kittyensh, meme, loona, gowon"
1584996382896975874,24400969,When reality dtrikes...#troutslap via @gifkeyboard,troutslap
1584993018557648896,5392266,OH love how it feels when you designed something super forward-thinking and modular and the last 10 minutes of work wake up 99% of all functionality. ,"Thumbs Up, good, dank, meme, fml, Computer, Happy, Alright, School, Yay, Smile, Sure, Not Bad, Nod, Shake Head, Brent Rombo, Like, Approve"
1584990621021835264,14629610,STE â€º STF ,"Chaves, churros, golpe, I Will Have Some Please"
1584981967845883905,15184922,"Bullseye! @adriandix You just avoid, avoid, gaslight, void.  ","running, Target On My Back, escaping, Looking Back, nervous, scared, Running Away, capsized, Andrew Bird"
1584975613575991296,16547724,Smokin Hot Hot GIF - Smokin Hot Hot Smoking - Discover &amp; Share GIFs ,"Smokin Hot, hot, smoking, flames"
1584968441319985152,23420192,Thanks you God.  #Hillsong Worship #Christian Music #Praise via @gifkeyboard,"Hillsong Worship, Christian Music, Praise, Worship, Praise And Worship"
1584968425499422722,4830116,'mon the tofu  #tofu #tofulove  ,"titts, cooking, tofu, old Lady, food"
1584967411521843200,10192107,"Day 1/100 - JavaScript - already part way through a course but consistency is a real issue for me, peaks and troughs - so, here we go #100DaysOfCode #javascript   ","Panda, rage"
1584950236585218048,22714395,#Average Fan Enjoyer via @gifkeyboard,Average Fan Enjoyer
1584945240208998401,4906333, but no that wasn't me. but if someone else pointed it â€¦ â€” hi anon! i spent 2 days thinking about how to reply to this cc (because i wanted to make sure that you were heardâ€¦ ,"her, disbelief, Question"
1584931115759902721,8507095,all the people seem to fall down pretty quick,"rodeo, giraffe, riding, animal"
1584930689480278016,12827256,Join me tomorrow Wednesday October 26th â¦@F3TheDuneâ© as we explore the ancient principles of Time travel.                                                   0500 | Pre ğŸƒâ€â™‚ï¸ 0530 | ğŸ¥Šâ¬‡ï¸ 0617 | â˜• @Hyvee Fast &amp; Fresh ,"Fall Back, Time Change, Spinning Clock, Turn The Clock Back, Clocks"
1584918466661945345,15230801,"Do you, also, have strange guilt rack your body when you have to trim back trees in your yard or when you take cuttings from your indoor plants, or were you not traumatized by the 1992 film Ferngully??? #DruidLife #PlantMama #NoYoureCrying ","ferngully, chrysta, Cant You Feel Its Pain, fairies"
1584917443654434816,14788581,#stocks  Were Having A Good Time  ,"Dusty Slay, Were Having A Good Time, alright, Very Famous, slay, dusty"
1584897276719542275,20771313,good morning twitter,"All Alone, pikachu, sad"
1584893722600542211,16972523,#My Cousin Vinny #bushes #7bushes,"My Cousin Vinny, bushes, 7bushes, Dont Forget This One And This One"
1584890770137710595,26329206,#Mrbeast100Mil #100Million Subscribers #Mrbeast100Million via @gifkeyboard,"Mrbeast100Mil, 100Million Subscribers, Mrbeast100Million, 100Million Mrbeast, Mr Beast"
1584837847105667072,25387626,#HappyDiwali To you all. ,"Moskva, fire, cat"
1584830971698085888,22090836,Python 3.11 was released yesterday with 66% speed improvement. Me: ,"Oh Thank God, Spencer Shay, icarly, Thank God, relieved, Thank You Jesus, Jerry Trainor, Paramount Plus"
1584814472408883200,23841328,ğ’¦ğ’¶ğ‘”ğ’¶ğ“‚ğ’¾ğ“ƒğ‘’ ğ‘…ğ’¾ğ“ƒ ,"Rin Kagamine, vocaloid, pjsekai, Stage Of Sekai, Kagamine Rin"
1584766121785192448,26733995,ONETIME is Live right now on youtube! get involved. #Brewsquadtv ,"ONETIME, ONETIMEISLIVE, BREWSQUADTVISLIVE, BREWSQUADTVLIVE"
1584741876879409152,19587506,#6O163 #Dog Loop #Oh You via @gifkeyboard,"6O163, Dog Loop, Oh You, Dancing Dog, uffrage"
1584727408028286976,5611742,Do u like this gif â€” yes i used it  once ,"wolf, wolves, wilderness, Wild Wolf, growl"
1584726877138477057,20141667,Aemond really deserved to have his eye taken out thoâ€¦..iâ€™m baffled. Is he forgetting that he was bout to kill all his cousins in the dragon pit when they were youngâ€¦ but heâ€™s carrying a chip on his shoulder about losing an eye ,"nick, confused, say, what, young, huh, seriously, youth"
1584706274461089792,18121795,"I'm just hangin' out, waiting for #GeorginaVotes2022 results.  Refresh, refresh, refresh... How's your election night? ","Still Waiting, Where Are You, impatient, Little Rascals, spanky, Running Late, Behind Schedule, esperandote, Stood Up, flaky, Never On Time, punctual, annoyed, frustrated"
1584640036632678400,6082163,#TechAddiction I #workremote and mostly online #FreelanceLife Today my Mac seemed dead. Then it came back. Ive spent today cobbling together other options. #ProTip #AndroidPhones dont play well with an #iPad  What's next? #WestWing #IYKYK ,"whatsnext, westwing, bartlet"
1584632932139868160,23841328,ğ’¦ğ’¶ğ‘”ğ’¶ğ“‚ğ’¾ğ“ƒğ‘’ ğ‘…ğ’¾ğ“ƒ ,"Rin Kagamine, vocaloid, pjsekai, Stage Of Sekai, Kagamine Rin"
1584583842639523840,23747218,#Crying Black Guy Meme50fps Interpolated #interpolated #crying via @gifkeyboard,"Crying Black Guy Meme50fps Interpolated, interpolated, crying, Black Guy Crying, Crying Black Guy, 50Fps"
1584577918944292864,24898891,Coming into #SCORPIOSEASON like this! #Snoop Dogg #rap #Hip Hop via @gifkeyboard,"Snoop Dogg, rap, Hip Hop, West Coast, crips, blue, bandana, Super Bowl, C Walk, happy, chill, party, dance, show, yes, ok, yeah"
1584567897992695813,25611432,Itâ€™s the far side of 2022. Do you still need a website?  You get 4 yeses!! ğŸ‘ğŸ¤©ğŸ‘ğŸ¤© 1. Credibility check 2. Credibility check 3. Credibility check 4. Credibility check  #KnownDesign #webdesign #webdevelopment #credibilitycheck #4yeses  ,"Im Gonna Say Yes, Simon Cowell, Britains Got Talent, Im Going To Agree, I Accept It, bgt, fremantle"
1584566789551271937,14375891,please subscribe Now-------ğŸ™ğŸ™ ,"fawn, cartoon, nod, I Totally Agree"
1584557414464253952,20619999,"#elvis #Elvis Presley via @gifkeyboard  Just in time for Halloween, a sleek house music version of the Elvis smash â€˜Devil In Disguise.â€™ #housemusic #dancemusic #edm #housemusicalllifelong #traxrecords #Elvis  @johnsummit @raleighmusicgroup @joesmoothmusic","elvis, Elvis Presley"
1584557311204286464,20619999,"#elvis #Elvis Presley via @gifkeyboard  Just in time for Halloween, a sleek house music version of the Elvis smash â€˜Devil In Disguise.â€™ #housemusic #dancemusic #edm #housemusicalllifelong #traxrecords #Elvis  @johnsummit @raleighmusicgroup @joesmoothmusic","elvis, Elvis Presley"
1584538071684583426,16141056,"This seems like a very, very bad idea .   ","Pingu, birthday, pinga, Happy Birthday, eating, eat, food, Party Time, Party Hat, penguin"
1584534202132750338,17599743,I think Johnson was confusedâ€”he was obviously mixing up the claim he had 102 supporters with the number of parties held in Downing Street during lockdown.  ,"Boris, Boris Johnson, Confused, Huh, What"
1584529857110716417,13832890,"Zeke, ""Career in Film: Average Salary and Careeth Path."" New York Career Academy. 01 December 2014. Accessed on 03 February 2020.","smegma, Minecraft, attack"
1584496859569016832,5607354,Penny Mordaunt approaching 100 nominations ,"truck, crash, test, pole, Doesnt Reach"
1584483792726953984,19541433,Crowd Cheers as #Trump Threatens Journalists With #PrisonRape â€“ â¦@RollingStoneâ© #LockHimUp!  ,"Sassy Justice, Sassy Trump, Reindeer Election, Sassy Christmas, Donald Trump, Presidential Christmas, frown, Sad Face"
1584477880448593920,26977441,#Poloboc #matematica prin @gifkeyboard,"Poloboc, matematica"
1584457911459143680,7517524,If I had to explain to aliens what a #cat is it would be this gif. #cat #Cat Tripping Girl #prank via @gifkeyboard,"cat, Cat Tripping Girl, prank, Bad Cat, kid, tripping, Fell Down"
1584449024769527808,23428097,#Wonder Woman #power #super via @gifkeyboard,"Wonder Woman, power, super, Women Power, Powerful Woman, Lillee Jean, worth, Know Your Role, LJ, red, LJT"
1584444930843283456,24529828,Dories and Mogg insisting that the bust sofa got 100 backers #It Is Its True #Morwenna Banks #Little Girl via @gifkeyboard,"It Is Its True, Morwenna Banks, Little Girl, absolutely"
1584416943624200192,22873062,So So happy. This TI DoTA makes me So So Happy.  ,"pep, guardiola, happy, Happy New Year"
1584413560318226432,19504830,YourTherapyBot ğŸ›‹ ğŸ¤– is tired of telehealth. ,"freeman, computer, angry, destroy, frustrate, half, life, consequences, Shut Down"
1584406526290104323,23841328,ğ’¦ğ’¶ğ‘”ğ’¶ğ“‚ğ’¾ğ“ƒğ‘’ ğ‘…ğ’¾ğ“ƒ ,"Rin Kagamine, vocaloid, pjsekai, Stage Of Sekai, Kagamine Rin"
1584403950656110595,12620050,i wise happy dipawli for everyone  #Happy Diwali #greetings #candle via @gifkeyboard,"Happy Diwali, greetings, candle"
1584402870631563264,20057458,NOT MANLY ENOUGHâ€¦ A COWARDLY RINOâ€¦ A DOMESTIC TERRORIST. A WORLDWIDE DANGEROUS THREAT.. LOCK HIM UPâ€¦ ,Trump Coward
1584387868822503424,24240397,"ALL Pickett had to do was run for 15-20 yards like Daniel Jones would've done &amp; being a rookie has absolutely NOTHING to do w/it because it comes down to having COMMON SENSE.ğŸ¤¦â€â™‚ï¸ğŸ¤·â€â™‚ï¸ğŸ™„Back to back INTğŸ˜¬ âœŒğŸ¿âœŒâœŒğŸ¿âœŒ ""Steelers at Dolphins""   ","Toma De Escupitajo, Dani MartÃ­nez, Got Talent EspaÃ±a, Escupir Tomar, sorprendido, wow, guau, flipando, Spit Take, Spit Water, spit, shocked, Spains Got Talent"
1584362450723344385,16053293,#Pump Rules #Vpr #Vanderpump Rules via @gifkeyboard Yeah I just do it in the open. Canâ€™t hide that shit,"Pump Rules, Vpr, Vanderpump Rules, friends, Kristen Doute, judge, people, gossip, lunch, enemies, tea, cry, Miss You"
1584362001727336449,12434218,#kristendoute #Suck A Dick #vpr via @gifkeyboard Shout out to my bff Red squirrel ğŸ¿,"kristendoute, Suck A Dick, vpr"
1584344058205347841,26898673,"The winner for day 14 of our $10,000 meme competition is @NeltonNFT!  Congratulations to all of the winners and thank you to everyone who participated! The three $1,000 prizes for best memes will be announced later this week! GIF:","rollbit, gambling, roll, bit, casino, Crypto Casino"
1584319177698910210,13193756,Blue wave peeps!! #LetsRoll ,"yes, oh, swell, ocean, waves"
1584317075731845120,12247227,#Obama #Gurl Please #Girl Please via @gifkeyboard,"Obama, Gurl Please, Girl Please, President"
1584316966277300224,21712780,_source=share-button&amp;utm_medium=Social&amp;utm_content=twitter #Anveshi Jain MP4s via @gifkeyboard,Anveshi Jain MP4s
1584316773142507521,21712780,#Anveshi Jain MP4s via @gifkeyboard,Anveshi Jain MP4s
1584312110653222912,26733995,ONETIME is Live right now on youtube! get involved. #Brewsquadtv ,"ONETIME, ONETIMEISLIVE, BREWSQUADTVISLIVE, BREWSQUADTVLIVE"
1584301433087983616,23654590,All they rap about is pus*y they ain't bullies... ,"tayomaki, Lil Baby, Coi Leray, sakigifs"
1584287087284535299,10123119,THATS WHY FERNANDO ALONSO IS THE GOAT RAHHHHHH ,"Fernando Alonso, formel1, formula1, f1"
1584279812830396416,15144244,#Her Face Lights Up #Brings Her Joy #happy via @gifkeyboard,"Her Face Lights Up, Brings Her Joy, happy, She Gets Happy, She Gets Excited, Elias Harger, Max Fuller, Fuller House"
1584262433333338112,11494908,I'm happy to report the caffeine arrived before kickoff! ,"phew, Scrubs, That Was Close, Thank God"
1584259496683401216,12138330,#Dead Mans Shoes #Youre There #Dead Mans Shoes Arguing via @gifkeyboard,"Dead Mans Shoes, Youre There, Dead Mans Shoes Arguing, Dead Mans Shoes Talking"
1584247665067380736,17278192,#Earth Moves Around Sun #animation #galaxy via @gifkeyboard,"Earth Moves Around Sun, animation, galaxy, happy, smile, The World, earth, sun"
1584204367233617920,24034353,"How would you feel,seeing some political offenders check out the ole Guillotine??? Would it shock you?? Would it make you feel better?   ",execution
1584181371139870721,23841328,ğ’¦ğ’¶ğ‘”ğ’¶ğ“‚ğ’¾ğ“ƒğ‘’ ğ‘…ğ’¾ğ“ƒ ,"Rin Kagamine, vocaloid, pjsekai, Stage Of Sekai, Kagamine Rin"
1584175194507161600,3580761,#Middle Finger #Haters #Fuck The Haters via @gifkeyboard,"Middle Finger, Haters, Fuck The Haters"
1584134030660075520,16572814,Like any bully. Johnson will only declare if heâ€™s guaranteed to win. #fuckboris #torychaos  ,"Boris Johnson, rugby, tackle, kid, fall, fail"
1584128501128433664,6201374,#i Phone #Cat Playing With Iphone #Kitty via @gifkeyboard @PierreCullen5 â¤ï¸ğŸ˜‚ğŸˆğŸŸ,"i Phone, Cat Playing With Iphone, Kitty, Fish"
1584049614889832448,24388350,#tutter #Lets Go #Lets Go Lisa via @gifkeyboard   25 years ago the episode about Tutterâ€™s birthday aired! #BearintheBigBlueHouse,"tutter, Lets Go, Lets Go Lisa, lisa, Bear In The Blue House, bear, blue, house"
1584020921274466305,24240397,"Another PATHETIC game to watchğŸ¤¦â€â™‚ï¸ğŸ¤·â€â™‚ï¸I don't know what game was worse, game 1 w/17 strikeouts or today's game w/ONLY 3 HITS after being down 0-2 coming home. It was trouble when Judge rejected over 213 Million $$$ ""Astros at Yankees""   ","Toma De Escupitajo, Dani MartÃ­nez, Got Talent EspaÃ±a, Escupir Tomar, sorprendido, wow, guau, flipando, Spit Take, Spit Water, spit, shocked, Spains Got Talent"
1583996559426928640,26733995,ONETIME is Live right now on youtube! get involved. #Brewsquadtv ,"ONETIME, ONETIMEISLIVE, BREWSQUADTVISLIVE, BREWSQUADTVLIVE"
1583986468158312448,24200514,Isnt this yo favs?   ,"Lisa Predebut, Lisa Ugly, Lisa Blackpink, Lisa Swag, Lalisa Manoban, blackpink, Kpop Crying Meme, Cardi Lisa, Blackpink Reaction"
1583979418779017216,25957976,Love is intensified by absence. This Fandom won't stop until we hear something concerning plans for S2 of #TheTimeTravelersWife  #SaveTheTimeTravelersWife  Bring Back The Time Travelers Wife  @AppleTV @PrimeVideo @Starz @paramountplus @PrimeVideo @netflix ,"Time Travel, Rose Leslie, The Time Travelers Wife, Time Travelers Wife, TTW, TTTW, TTWHBO, Henry Detamble, Time Travellers Wife"
1583959219283238912,26228210,When the center official excuses the sideline refs positioning bc they were short refs today. He is on the field!  #mygrownupchristmaslist #mgucl #grownupxmas via @gifkeyboard,"mygrownupchristmaslist, mgucl, grownupxmas, kaylawallace, kevla, shocking, surprise, shock, sarcasm, sarcastic, no, not, nope"
1583949880703475712,12198111,#Calm Down Nigga via @gifkeyboard,Calm Down Nigga
1583938250103697409,23841328,ğ’¦ğ’¶ğ‘”ğ’¶ğ“‚ğ’¾ğ“ƒğ‘’ ğ‘…ğ’¾ğ“ƒ ,"Rin Kagamine, vocaloid, pjsekai, Stage Of Sekai, Kagamine Rin"
1583911904015044610,26933867,#rollbit @rollbitcom   My entryğŸ˜  Links:   ,
1583910954450182144,15740805,Getting to that tike of year again ğŸ¤£ğŸ¤£â˜ƒï¸â˜ƒï¸ğŸ…ğŸ…ğŸ„ğŸ„â„ï¸â„ï¸ğŸğŸ,"me, My Husband, Listening To Christmas Music"
1583908159785406464,25997209,"#Happy Birthday via @gifkeyboard to my decease mother, Rev, Inez Devoe",Happy Birthday
1583889232610762752,3633822,#Nom #Land Before Time #Nom Nom via @gifkeyboard,"Nom, Land Before Time, Nom Nom, eat, hungry, chew, food, delicious, yes, yass"
1583888957128876064,24006483,#Petrie #Land Before Time #Nobodies Touch via @gifkeyboard,"Petrie, Land Before Time, Nobodies Touch, Keep Safe"
1583888909313880065,5185551,#Land Before Time #Dinosaur #Hi via @gifkeyboard,"Land Before Time, Dinosaur, Hi"
1583883785103237120,12061926,"Lake Placid is still an objectively bad movie, the saving grace of which is Betty White and her foul mouth  ","Betty White, Suck My Dick, If I Had A Dick, Lake Placid"
1583880022539964417,26607592,Kalani today   ,"Kalani, Kalani Sitake, byu, BYU Football, Suck It"
1583870823345295361,26970259,If only crypto can start popping off #Rollbit   ,"Bitcoin, BTC, Rollbit, Investing"
1583867306576588802,19106097,"this is like that one breaking bad episode â€” Last chance to look at me, Sex. ","ring, for, sex"
1583862369272631298,12414652,#Necessary Roughness #Ref #Official via @gifkeyboard,"Necessary Roughness, Ref, Official, referee, Penalty, flag, TSU"
1583862100094423040,25812133,Me when still no bitches ,"wawa, cat, wawawa, meme"
1583861441014030337,23247665,I am the living word of God.  #Hillsong Worship #Christian Music #Praise via @gifkeyboard,"Hillsong Worship, Christian Music, Praise, Worship, Praise And Worship"
1583860324607803392,13813451,The LORD is my shepherd; I shall not want.  #church #dance via @gifkeyboard,"church, dance"
1583856043343642625,26970272,A new one #Rollbit   ,"Rollbit, Gambling"
1583853367008595970,21550975,"Dear Lord, who can I do something for today to lift their spirit, brighten their day, and make their life better?  #I Need Some Help Over Here #Mr Garrison #South Park via @gifkeyboard","I Need Some Help Over Here, Mr Garrison, South Park, Season2Ep14, S2E14, Chef Aid, I Need Help, Please Help Me, Can Someone Help Me"
1583852156230463488,21508171,Thanks you God.  #Thank God #Brad Mondo #Brad Mondo Channel via @gifkeyboard,"Thank God, Brad Mondo, Brad Mondo Channel, blessed, Thank Goodness, relieved"
1583837581736714241,17748444,GM GM is Saturday ! ğŸ˜€ ,"Dance, Dancing, Feel Good, Groove, Napoleon Dynamite, Jon Heder, Happy Weekend"
1583832214290059264,17081794,- Kevin Nash Scott Hall GIF - by TheNextBIGThing,"Kevin Nash, Scott Hall, Wcw Champion, Hug, Hugs, Hugging, wcw, Nitro, Wcw1998, Wrestling"
1583801742562856965,20097553,3k+ hours in League  ,Grisaia
1583778949309427713,26948247,#Rollbit  @rollbitcom   Username: EgerMan  ,"rollbit, meme"
1583742175568809984,26968832,Me having a strong fighting spirits ğŸ”¥ @rollbitcom  #Rollbit  Gif link- ( ) ,casino
1583727099067523072,23841328,ğ’¦ğ’¶ğ‘”ğ’¶ğ“‚ğ’¾ğ“ƒğ‘’ ğ‘…ğ’¾ğ“ƒ ,"Rin Kagamine, vocaloid, pjsekai, Stage Of Sekai, Kagamine Rin"
1583725287325696000,16233578,Good God! ,"nervous, blue, In Trouble, ugh, confused, Dont Know What To Do, Lets Go Liquid, Team Liquid, Team Liquid Blue, Liquid Blue"
1583719325202251778,23806583,Good Morning,"smoochhug, smooch, hug"
1583685202487828480,26968322,It all makes sense now. #rollbit #rollbitrewards @rollbitcom   Link - user - rishu006 ,
1583683734913441793,26968277,Submission for daily meme content @rollbitcom #RollbitRewards #rollbit  Link - Username - rishu006 ,"Rollbit, Daily Bonus"
1583680269441122304,5100814,Fail!                                      ,"Kate Winslet, Steve Jobs, slide, sliding, following"
1583676149393068032,26733995,ONETIME is Live right now on youtube! get involved. #Brewsquadtv ,"ONETIME, ONETIMEISLIVE, BREWSQUADTVISLIVE, BREWSQUADTVLIVE"
1583638659202285568,5476848,My super power is catching a guyâ€™s attention long enough to allow him to find another. ,"Ross, Friends, Fine, Im Fine, Dont Worry, Losing It, Not Fine"
1583629564781416448,3477451,#Gladiator #Russell Crowe #Maximus via @gifkeyboard,"Gladiator, Russell Crowe, Maximus, Are You Not Entertained"
1583591321184350209,18414382,DL coming for Xgboost #deadpool #zamboni #Youre Gonna Die via @gifkeyboard,"deadpool, zamboni, Youre Gonna Die"
1583546516551401472,11835514,"#Im Watching You Wazowski #Always Watching Always via @gifkeyboard  Have you ever had one of those days? Things are jolting along painfully slow when suddenly a giant slug sticks her head out of her office.. Yeah, one of those days.","Im Watching You Wazowski, Always Watching Always"
1583545760083193857,23841328,ğ’¦ğ’¶ğ‘”ğ’¶ğ“‚ğ’¾ğ“ƒğ‘’ ğ‘…ğ’¾ğ“ƒ ,"Rin Kagamine, vocaloid, pjsekai, Stage Of Sekai, Kagamine Rin"
1583539946299609088,25092581,#penguin #Penguin Push #Me Vs via @gifkeyboard,"penguin, Penguin Push, Me Vs"
1583520226808692736,22172583,#langlevedeliefde #lldl   #Green Mile Drool via @gifkeyboard,Green Mile Drool
1583513907884609537,12870152,Me to the remnants of the former Republican party .. #Lord Of The Rings #Samwise Gamgee #Let It Go via @gifkeyboard,"Lord Of The Rings, Samwise Gamgee, Let It Go, Hobbit"
1583503043357995010,11866262,The plan is to cast a 95 year old into the street. Because the GOP's entire platform can be summed up with one gif: ,"Dave Chapelle, Chapelle Show, popcopy, Fuck Em Thats Why"
1583501946220032000,14613106,He's back and he's brought enough booze for everyone. #Number10  ,"boris, Zip Line, UK Flag"
1583477569885638656,26963976,Hope you like this one (*cries in a corner*) #Rollbit  ,"Crypto, Bitcoin, Investing, Crash, Rollbit"
1583476828471119872,6077367,". .#CokeHeadKudlow is a bad economist. Trussâ€™s attempt @ #TrumpedUpTrickleDownEconomics tax policy to benefit her wealthy donors is a sham, #Reagan &amp; #Trump used to run up fed gov debt which screwed the middle &amp; working class. ","First Presidential Debate, Campaign, 2016, Debate, Hillary Clinton, Donald Trump, Trumped Up, Trickle Down"
1583466844999979009,18307415,- Text GIF - by: mdward,text
1583465788907786240,26060089,"- ""Mr. Bean OK"" GIF - by: ThinkJules","Mr Bean, Mr Bean Ok, Well Done, Well Done Gif, congrats, congratulations"
1583458573018812417,14974061,Government today  #Bad Girl #throwing #cute via @gifkeyboard,"Bad Girl, throwing, cute, baby, adorable, money"
1583452815607091200,22212513,I rocked all Learning Curve Exams with 100%  ,Fubuki
1583447621070643200,26963574, @rollbitcom #Rollbit TwitterGuy entry 4ğŸ’¯ ,Rollbit
1583446385931976704,20382940,Hello !  ,"hello, jerry, seinfeld, uncle, uncleleo, hellojerry"
1583427697363288064,17149313,Woo hoo Friday ğŸ¸ ,"Going Down Stairs, High Kicks, charleston, rockettes, flappers, 1920s, 20s, Roaring20s, twenties"
1583417089280204800,19504830,YourTherapyBot ğŸ›‹ ğŸ¤– is tired of telehealth. ,"freeman, computer, angry, destroy, frustrate, half, life, consequences, Shut Down"
1583390568146964480,17652094," Pictured: too many people, right now, thinking about Boris fucking Johnson.  #BorisJohnson  #ToriesOut  #GeneralElectionNow  #CutOutTheRot","Learned His Lesson, Look At That, Lets Get Him A Present, Expression, The Simpsons"
1583380115538710528,23841328,ğ’¦ğ’¶ğ‘”ğ’¶ğ“‚ğ’¾ğ“ƒğ‘’ ğ‘…ğ’¾ğ“ƒ ,"Rin Kagamine, vocaloid, pjsekai, Stage Of Sekai, Kagamine Rin"
1583364240995336193,23841328,ğ’¦ğ’¶ğ‘”ğ’¶ğ“‚ğ’¾ğ“ƒğ‘’ ğ‘…ğ’¾ğ“ƒ ,"Rin Kagamine, vocaloid, pjsekai, Stage Of Sekai, Kagamine Rin"
1583360478398803968,20747130,#Rollbit @rollbitcom  Username: EgerMan ,"Squadbot, Olivia Benson, svu"
1583337134093582336,4944407,guys twitter is almost dead ,"matrix, Not Like This, no"
1583302473456189440,12522492,"To my Twitter friends, November we march valiantly then we win. Pleasant DreamsğŸ™ ğŸ˜´ğŸ˜‡ ","Tweety, goodnight, Sweet Dreams"
1583299444430077952,19276241,"#creepy #ifindyourlackofhollywoodlooksdisturbing ""I take the words right out of your head, because stereotypical pieces of shit like you are see through"" - me ","Im Going To Stop You Right There, Jenna Maroney, 30Rock, Stop Right There, Hold It, Wait A Minute, Jane Krakowski, Peacock"
1583293559570321409,26115234,#Liv Morgan #mitb #Money In The Bank via @gifkeyboard congrats @YaOnlyLivvOnce for being smackdown women's champion ,"Liv Morgan, mitb, Money In The Bank, Smack Down Womens Champion, 2022, wwe"
1583293027086663680,21902659,"Gerrit Cole has to save the Yankees season, against the Astros, on a Saturday night... doesn't get much juicier. #LevelUp #ForPetesSake  ","Gerrit Cole, Spider Tack, Sticky Stuff, I Dont Quite Know, How To Answer That, To Be Honest"
1583261137755262977,26824128,Idk how to share gifs but I see this under @Seven_Sugars  tenor and its very funny to me.  ,"Our Flag Means Death, smau, ofmd, Calico Jack, Jack Rackham, Hit By Bus"
1583257598555410433,15074169,#Thursday Dance #Happy Thursday #Thursday via @gifkeyboard,"Thursday Dance, Happy Thursday, Thursday, Morning, Gm, Good Morning, Coffee Dance, Happy Dance, Almost Friday, Excited"
1583257143964102657,26566972,#Fall Animated Stickers #Autumn Animated Stickers via @gifkeyboard FALL!,"Fall Animated Stickers, Autumn Animated Stickers"
1583256957523066880,26566972,#Fall Animated Stickers #Autumn Animated Stickers via @gifkeyboard,"Fall Animated Stickers, Autumn Animated Stickers"
1583253155001012224,26486417,#Good Morning Images via @gifkeyboard,Good Morning Images
1583251405761961984,26733995,ONETIME is Live right now on youtube! get involved. #Brewsquadtv ,"ONETIME, ONETIMEISLIVE, BREWSQUADTVISLIVE, BREWSQUADTVLIVE"
1583251246625935360,3682800382547626839,#heart #love #love animation via @gifkeyboard,"heart, love, love animation, kathal, happy valentine's day, iá¹‰iya kÄtalar tiá¹‰am, kulfy, telugu"
1583250754814742529,16296073,#Valentines Day #love #Rose Day via @gifkeyboard,"Valentines Day, love, Rose Day, Happy Valentines Day, 14February, Love You, Love You Lots, Love You More, Love It, Give Flower, Give Rose, abhishekkasegaonkar"
1583250419316191232,16517870,#rose #Congratulations #Red Rose via @gifkeyboard ROSE!,"rose, Congratulations, Red Rose, congrats, flower"
1583250137324785664,16517870,#rose #Congratulations #Red Rose via @gifkeyboard,"rose, Congratulations, Red Rose, congrats, flower"
1583249695895605248,25694076,#Happy Thursday #unicorn #rainbow via @gifkeyboard HAPPY THURSDAY!,"Happy Thursday, unicorn, rainbow"
1583249306651602944,25694076,#Happy Thursday #unicorn #rainbow via @gifkeyboard,"Happy Thursday, unicorn, rainbow"
1583248230254792705,15760551,#Boris Johnson #Thumbs Up #Good Job via @gifkeyboard,"Boris Johnson, Thumbs Up, Good Job, great"
1583247262360080384,24630709,#My Love via @gifkeyboard,My Love
1583236644588556288,19352042,#welcome #Welcome To The Team #hello via @gifkeyboard,"welcome, Welcome To The Team, hello, Nice To Meet You, 3D Gifs Artist"
1583182939453476864,23841328,ğ’¦ğ’¶ğ‘”ğ’¶ğ“‚ğ’¾ğ“ƒğ‘’ ğ‘…ğ’¾ğ“ƒ ,"Rin Kagamine, vocaloid, pjsekai, Stage Of Sekai, Kagamine Rin"
1583167231898243072,14991900,Right on @JoyAnnReid. We see you!  ,"Haha, Stir The Pot, Cat, Stirring The Pot"
1583164384095764481,14779161,I am the living word of God.  #Praise Him #smile #happy via @gifkeyboard,"Praise Him, smile, happy, Hands Up"
1583161876632199168,16459968,#Baby Yoda #Whats Up #Sup Bitches via @gifkeyboard,"Baby Yoda, Whats Up, Sup Bitches, Sup Baby Yoda, Hello Baby Yoda, Sneaky Baby Yoda, Hiding Baby Yoda"
1583161678107398144,15660996,The LORD is my shepherd; I shall not want.  #Praise Dance #dancing #Church Dance via @gifkeyboard,"Praise Dance, dancing, Church Dance, Shouting"
1583160362429403137,25655753,"Dear Lord, who can I do something for today to lift their spirit, brighten their day, and make their life better?  #Help Me #christy #slasher via @gifkeyboard","Help Me, christy, slasher, I Need Help, Somebody Help, Please Help, Paula Brancati"
1583151647811072002,24711853,Thanks you God.  #praise #the #lord via @gifkeyboard,"praise, the, lord, hallelujah"
1583148623915024384,24469213,#Milk And Mocha via @gifkeyboard,Milk And Mocha
1583139056103624704,23841328,ğ’¦ğ’¶ğ‘”ğ’¶ğ“‚ğ’¾ğ“ƒğ‘’ ğ‘…ğ’¾ğ“ƒ ,"Rin Kagamine, vocaloid, pjsekai, Stage Of Sekai, Kagamine Rin"
1583138002725142530,15790175,i present to you my current favorite gif ,"Winnie The Pooh, summon, summoning, demon, satan, witchcraft"
1583136987220828160,22424594,"This Halloween decide what types of treats you would like your children to get. If you go to @PierreKory  you might be able to get IVM, while @Dr_AnthonyFaucimight be handing out vaccines. ","Home Alone, running, crazy, excited, insane"
1583136526149394432,3591571,"This Halloween decide what types of treats you would like your children to get. If you go to @PierreKory you might be able to get IVM, while Dr. Fauci (? twitter account) might be handing out vaccines. ","Macaulay Culkin, Home Alone, Christmas, Xmas, Scared, Gasp, OMG, Ahh"
1583132110893613061,18069920,Hedley frontman Jacob Hoggard sentenced to five years for sexual assault | Canada | The Guardian ,"butt, anal"
1583125779365253120,24910735,Wood families...don't forget popcorn Friday!  $0.50 a bag:) #yeahh #uhm #Uhm Ok via @gifkeyboard,"yeahh, uhm, Uhm Ok, popcorn, Yeah Im With You, Im With You, Yes Yes, Ven Honor Pop"
1583120542252793856,24143510,Lol I was #cute #love #44555tt via @gifkeyboard,"cute, love, marshmallow"
1583109176246800384,3547413,And now people are seriously talking about bringing Boris Johnson back.   ,"Zoolander, Will Ferrell, Mugatu, crazy, pills"
1583078925579976705,13345751,By the law of the land the lettuce wins and now becomes prime minister. ,"laugh, hard, lmao"
1583078346275311618,22219180,this one's for my UK homies ,packwatch
1583027667208925184,26957097,  @rollbitcom #Rollbit TwitterGuy entry 3 ğŸ’¯ ,"gambling, Rollbit"
1583001677119901697,23841328,ğ’¦ğ’¶ğ‘”ğ’¶ğ“‚ğ’¾ğ“ƒğ‘’ ğ‘…ğ’¾ğ“ƒ ,"Rin Kagamine, vocaloid, pjsekai, Stage Of Sekai, Kagamine Rin"
1582971715432292352,19848629,Tory ministers ready for today's media carnage ,"rowan, atkinson, blackadder, wibble"
1582940928389455872,26733995,ONETIME is Live right now on youtube! get involved. #Brewsquadtv ,"ONETIME, ONETIMEISLIVE, BREWSQUADTVISLIVE, BREWSQUADTVLIVE"
1582933877131476996,16497901,Actually 2000 would &amp; Might be the Sale if No Nuc Meltdown ! ,"Double Double, Toil And Trouble, Fire Burn, Caudron Bubble, witch, potion, stir"
1582933801910800386,26652204,Lula Presidente GIF - Lula Presidente 2022 - Discover &amp; Share GIFs ,"lula, presidente, 2022, Lula Da Silva, brasil, Lula Presidente, Lula Livre, politica, Partido Dos Trabalhadores, pt, 13, lulaverso, lula13, luisiznacio, Fora Bolsonaro, bolsonaro, elenao, Jair Bolsonaro"
1582919206257168385,20773265,If Schitts Creek isnâ€™t on Netflix how can I enjoy Christmas show as much as Rudolph ğŸ˜” ,"Christmas Tree, Johnny Rose, Johnny, Eugene Levy, Schitts Creek, Xmas Tree, decorating, trimming, Ep413, Cbc, Cbc Gem"
1582915691476553730,7905623,He's so Conniving ,"laugh, dog, cute"
1582909724814503936,11075133,"â€œIf you build it, he (they) will come.â€   Well, we built it and are ready for you to come!!! ğŸ¤©ğŸ¤©ğŸ¤©   We have over 50 businesses coming out for our 2nd Annual Small Business Showcase this Saturday, October 22 10am-2pm. ğŸ˜²   ",Field Of Dreams
1582905176326750209,18264966,#Trump #Fraud Suit Will Stay Before Judge Who Held Him in Contempt  â¦@Mimirocah1â© â¦@PreetBhararaâ© â¦@danielsgoldmanâ© â¦@RepJeffriesâ© â¦@SenGillibrandâ© Trump wanted case transferred to a judge in his pocket ,"trump, sad, disgust, Donald Trump"
1582888149235048448,23279994,#AMAs Coldplay is BTSâ€™s &amp; ARMYâ€™s BFF!ğŸ’œ  I'm voting for Coldplay (@coldplay) Music of the Spheres for FAVORITE ROCK ALBUM at the #AMAsÂ ,"Bts Coldplay My Universe, Coldplay X Bts, Coldplay Bts My Universe, Coldplay Bts Dance, Coldplay Bts Happy, My Universe Bts Coldplay, Coldplay Bts Fun, kalo, Coldplay Bts Jump, Coldplay X Bts Galaxy Wide"
1582867453331537923,8072259,G'Nite My Twitter Friends ğŸ¸ğŸ’¨ ,"Dance, Joyful, Spin, Twirl, Vintage"
1582866603812614144,17857726,#Girl Power #Strong Woman #independent via @gifkeyboard,"Girl Power, Strong Woman, independent, tough, Smiley Tattoo"
1582861262572036101,22904176,Jeremy Siegel warns home prices are about to suffer their 2nd-worst crash since World War II amid Fed rate hikes #NewsBreak   ,Biden I Did That
1582837233480261632,15101835,"Now that I'm spending more time making small games, I'm officially authorized to make jokes like this: ahem. Z-Buffer the Vampire Slayer ","Wakka, reaction, dance, cute"
1582827334284943362,16076540,#Happy Hump Day #dance #humping via @gifkeyboard,"Happy Hump Day, dance, humping"
1582816762059685888,25959764,#Shut Up #Eddie Munson #Joseph Quinn via @gifkeyboard,"Shut Up, Eddie Munson, Joseph Quinn, Stranger Things, Shut It, quiet, Shut Your Mouth, Stop Talking, netflix"
1582808470222348288,18742686,"Calum: ""This government can't get any worse"" *A minute passes*  Calum opens Twitter:  ","awkward, That Escalated Quickly, Uhh What, what, This Gets Fucking Worse, Sarcastic Face, sarcasm, Sarcastic Laugh, nodding, In Bruges, Ralph Fiennes"
1582805566203625472,23841328,ğ’¦ğ’¶ğ‘”ğ’¶ğ“‚ğ’¾ğ“ƒğ‘’ ğ‘…ğ’¾ğ“ƒ ,"Rin Kagamine, vocaloid, pjsekai, Stage Of Sekai, Kagamine Rin"
1582803659368566784,14429026,#ibtrav #Ibtrav Artworks #Travis Falligant via @gifkeyboard,"ibtrav, Ibtrav Artworks, Travis Falligant, chucky, Childs Play, Good Guy, spin, happy, crazy, party, sticker, transparent, 80s, horror"
1582799031897841664,25132565,#Lets Go Brandon via @gifkeyboard,Lets Go Brandon
1582781830901600276,25990941,#I Miss You Bts #Im An Army #violet via @gifkeyboard,"I Miss You Bts, Im An Army, violet, I Love Bts, Bangtan Kids"
1582776121791500289,20823187,"Liz Truss has just appointed Baldrick as a Personal Advisor...after hearing he had a ""cunning plan""... #blackadder #baldrick #cunning via @gifkeyboard","blackadder, baldrick, cunning, plan"
1582774550332571648,25286858,I still hold out hope this champion mischief maker will come back to Port Charles. She can bring allll the tricks and NO treats! ğŸ˜‚â¤ï¸#Alex #Vanna #GH  ,"Anna Devane, Finola Hughes, Alex Marick, Alex Devane, Alexandra Marick, Alexandra Devane, General Hospital, Anna Gh, Alex Gh, spymance, Valentin Cassadine, James Patrick Stuart"
1582747048511557632,22593583,World Champions ğŸ†  ,"High Kick, karate, karateka, slam, kumite, Knock Out, 2020Olympics, Tokyo Olympics, Xxxii Olympiad, Summer Olympics, 2021Olympics, Olympic Games Tokyo2020, Olympic Games"
1582740721118760961,26952653,tenor: Giphy:,
1582738095426138112,10742301,#Fall Asleep #Falling Asleep #sleepy via @gifkeyboard,"Fall Asleep, Falling Asleep, sleepy, Doze Off, Dozing Off"
1582735280141844480,22424208,Where is the â˜• ATâ— ,"liztaylor, elizabethtaylor, liz, Retro Movie, Why Not"
1582728051175337984,13405616,#Ohio State #Buckeyes #Ohio State Football via @gifkeyboardDamn @amoots Damn. Sorry I missed your birthday! Hope you had a great day!,"Ohio State, Buckeyes, Ohio State Football, Ohio State Buckeyes, Yay, excited, Touchdown"
1582714252451643392,26951243,ğŸ˜ #Rollbit @rollbitcom Tenor: Giphy: ,"rollbit, casino, crypto, gambling, game"
1582703257452830723,17914845,OMG THIS GIF  ,"sao, Log Horizon, Boobs, bouncing, shocked"
1582673194431152128,25284490,I want coffee But I just now drank coffee ,"hades, There Is No Escape, No Escape, Hades Game, zagreus"
1582661941129990144,19504830,YourTherapyBot ğŸ›‹ ğŸ¤– is tired of telehealth. ,"freeman, computer, angry, destroy, frustrate, half, life, consequences, Shut Down"
1582625930824278016,5064454,#bloody #keyboard #Typing via @gifkeyboard  This is my all time favorite GIF ğŸ˜­,"bloody, keyboard, Typing, Frustration, Computer"
1582608904281763841,23841328,ğ’¦ğ’¶ğ‘”ğ’¶ğ“‚ğ’¾ğ“ƒğ‘’ ğ‘…ğ’¾ğ“ƒ ,"Rin Kagamine, vocaloid, pjsekai, Stage Of Sekai, Kagamine Rin"
1582585550334107648,26947896,Pretty normal ğŸ˜ #Rollbit @rollbitcom Tenor: Giphy: ,rollbit
1582583886625660929,26947892,Unexpected Buy ğŸ˜… #Rollbit @rollbitcom Tenor: Giphy: ,rollbit
1582579141450530817,7921440,Oilers Nation has voted and the results are in. What have you seen from the Oilers effort in their first three games of the season?  ,fuckometer
